first_name,last_name,email,phone_number
Toni,Lara,catherinehernandez@yahoo.com,087-028-6653x518
Sheila,Ingram,misty67@pittman-hansen.info,001-566-776-3918x212
Jennifer,Bailey,hjohnson@gmail.com,+1-101-223-0740x661
Matthew,Ramos,brian13@yahoo.com,160.092.3991
Lisa,Garcia,barbarastout@browning.org,033.419.1862x5841
Paige,Lee,ktaylor@parrish-cunningham.org,113-841-7827
Eric,Thomas,gilbertangela@brown.com,711-199-3655
Steven,Moody,ian13@bailey.biz,391-342-7208x33171
Linda,Smith,sethmueller@carter.com,+1-588-829-3073x99686
Thomas,Lewis,karen07@norton.org,(342)014-8976x57207
